JUnit version 4.13
.Week 1: 2013-12-30 - 2014-01-05
Week 2: 2014-01-06 - 2014-01-12
Week 3: 2014-01-13 - 2014-01-19
Week 4: 2014-01-20 - 2014-01-26
Week 5: 2014-01-27 - 2014-02-02
Week 6: 2014-02-03 - 2014-02-09
Week 7: 2014-02-10 - 2014-02-16
Week 8: 2014-02-17 - 2014-02-23
Week 9: 2014-02-24 - 2014-03-02
Week 10: 2014-03-03 - 2014-03-09
Week 11: 2014-03-10 - 2014-03-16
Week 12: 2014-03-17 - 2014-03-23
Week 13: 2014-03-24 - 2014-03-30
Week 14: 2014-03-31 - 2014-04-06
Week 15: 2014-04-07 - 2014-04-13
Week 16: 2014-04-14 - 2014-04-20
Week 17: 2014-04-21 - 2014-04-27
Week 18: 2014-04-28 - 2014-05-04
Week 19: 2014-05-05 - 2014-05-11
Week 20: 2014-05-12 - 2014-05-18
Week 21: 2014-05-19 - 2014-05-25
Week 22: 2014-05-26 - 2014-06-01
Week 23: 2014-06-02 - 2014-06-08
Week 24: 2014-06-09 - 2014-06-15
Week 25: 2014-06-16 - 2014-06-22
Week 26: 2014-06-23 - 2014-06-29
Week 27: 2014-06-30 - 2014-07-06
Week 28: 2014-07-07 - 2014-07-13
Week 29: 2014-07-14 - 2014-07-20
Week 30: 2014-07-21 - 2014-07-27
Week 31: 2014-07-28 - 2014-08-03
Week 32: 2014-08-04 - 2014-08-10
Week 33: 2014-08-11 - 2014-08-17
Week 34: 2014-08-18 - 2014-08-24
Week 35: 2014-08-25 - 2014-08-31
Week 36: 2014-09-01 - 2014-09-07
Week 37: 2014-09-08 - 2014-09-14
Week 38: 2014-09-15 - 2014-09-21
Week 39: 2014-09-22 - 2014-09-28
Week 40: 2014-09-29 - 2014-10-05
Week 41: 2014-10-06 - 2014-10-12
Week 42: 2014-10-13 - 2014-10-19
Week 43: 2014-10-20 - 2014-10-26
Week 44: 2014-10-27 - 2014-11-02
Week 45: 2014-11-03 - 2014-11-09
Week 46: 2014-11-10 - 2014-11-16
Week 47: 2014-11-17 - 2014-11-23
Week 48: 2014-11-24 - 2014-11-30
Week 49: 2014-12-01 - 2014-12-07
Week 50: 2014-12-08 - 2014-12-14
Week 51: 2014-12-15 - 2014-12-21
Week 52: 2014-12-22 - 2014-12-28
Week 53: 2014-12-29 - 2015-01-04
.Week 1: 1968-12-30 - 1969-01-05
Week 2: 1969-01-06 - 1969-01-12
Week 3: 1969-01-13 - 1969-01-19
Week 4: 1969-01-20 - 1969-01-26
Week 5: 1969-01-27 - 1969-02-02
Week 6: 1969-02-03 - 1969-02-09
Week 7: 1969-02-10 - 1969-02-16
Week 8: 1969-02-17 - 1969-02-23
Week 9: 1969-02-24 - 1969-03-02
Week 10: 1969-03-03 - 1969-03-09
Week 11: 1969-03-10 - 1969-03-16
Week 12: 1969-03-17 - 1969-03-23
Week 13: 1969-03-24 - 1969-03-30
Week 14: 1969-03-31 - 1969-04-06
Week 15: 1969-04-07 - 1969-04-13
Week 16: 1969-04-14 - 1969-04-20
Week 17: 1969-04-21 - 1969-04-27
Week 18: 1969-04-28 - 1969-05-04
Week 19: 1969-05-05 - 1969-05-11
Week 20: 1969-05-12 - 1969-05-18
Week 21: 1969-05-19 - 1969-05-25
Week 22: 1969-05-26 - 1969-06-01
Week 23: 1969-06-02 - 1969-06-08
Week 24: 1969-06-09 - 1969-06-15
Week 25: 1969-06-16 - 1969-06-22
Week 26: 1969-06-23 - 1969-06-29
Week 27: 1969-06-30 - 1969-07-06
Week 28: 1969-07-07 - 1969-07-13
Week 29: 1969-07-14 - 1969-07-20
Week 30: 1969-07-21 - 1969-07-27
Week 31: 1969-07-28 - 1969-08-03
Week 32: 1969-08-04 - 1969-08-10
Week 33: 1969-08-11 - 1969-08-17
Week 34: 1969-08-18 - 1969-08-24
Week 35: 1969-08-25 - 1969-08-31
Week 36: 1969-09-01 - 1969-09-07
Week 37: 1969-09-08 - 1969-09-14
Week 38: 1969-09-15 - 1969-09-21
Week 39: 1969-09-22 - 1969-09-28
Week 40: 1969-09-29 - 1969-10-05
Week 41: 1969-10-06 - 1969-10-12
Week 42: 1969-10-13 - 1969-10-19
Week 43: 1969-10-20 - 1969-10-26
Week 44: 1969-10-27 - 1969-11-02
Week 45: 1969-11-03 - 1969-11-09
Week 46: 1969-11-10 - 1969-11-16
Week 47: 1969-11-17 - 1969-11-23
Week 48: 1969-11-24 - 1969-11-30
Week 49: 1969-12-01 - 1969-12-07
Week 50: 1969-12-08 - 1969-12-14
Week 51: 1969-12-15 - 1969-12-21
Week 52: 1969-12-22 - 1969-12-28
Week 53: 1969-12-29 - 1970-01-04
.
Time: 0.381

OK (3 tests)

