JUnit version 4.13
.Week 1: 2013-12-29 - 2014-01-04
Week 2: 2014-01-05 - 2014-01-11
Week 3: 2014-01-12 - 2014-01-18
Week 4: 2014-01-19 - 2014-01-25
Week 5: 2014-01-26 - 2014-02-01
Week 6: 2014-02-02 - 2014-02-08
Week 7: 2014-02-09 - 2014-02-15
Week 8: 2014-02-16 - 2014-02-22
Week 9: 2014-02-23 - 2014-03-01
Week 10: 2014-03-02 - 2014-03-08
Week 11: 2014-03-09 - 2014-03-15
Week 12: 2014-03-16 - 2014-03-22
Week 13: 2014-03-23 - 2014-03-29
Week 14: 2014-03-30 - 2014-04-05
Week 15: 2014-04-06 - 2014-04-12
Week 16: 2014-04-13 - 2014-04-19
Week 17: 2014-04-20 - 2014-04-26
Week 18: 2014-04-27 - 2014-05-03
Week 19: 2014-05-04 - 2014-05-10
Week 20: 2014-05-11 - 2014-05-17
Week 21: 2014-05-18 - 2014-05-24
Week 22: 2014-05-25 - 2014-05-31
Week 23: 2014-06-01 - 2014-06-07
Week 24: 2014-06-08 - 2014-06-14
Week 25: 2014-06-15 - 2014-06-21
Week 26: 2014-06-22 - 2014-06-28
Week 27: 2014-06-29 - 2014-07-05
Week 28: 2014-07-06 - 2014-07-12
Week 29: 2014-07-13 - 2014-07-19
Week 30: 2014-07-20 - 2014-07-26
Week 31: 2014-07-27 - 2014-08-02
Week 32: 2014-08-03 - 2014-08-09
Week 33: 2014-08-10 - 2014-08-16
Week 34: 2014-08-17 - 2014-08-23
Week 35: 2014-08-24 - 2014-08-30
Week 36: 2014-08-31 - 2014-09-06
Week 37: 2014-09-07 - 2014-09-13
Week 38: 2014-09-14 - 2014-09-20
Week 39: 2014-09-21 - 2014-09-27
Week 40: 2014-09-28 - 2014-10-04
Week 41: 2014-10-05 - 2014-10-11
Week 42: 2014-10-12 - 2014-10-18
Week 43: 2014-10-19 - 2014-10-25
Week 44: 2014-10-26 - 2014-11-01
Week 45: 2014-11-02 - 2014-11-08
Week 46: 2014-11-09 - 2014-11-15
Week 47: 2014-11-16 - 2014-11-22
Week 48: 2014-11-23 - 2014-11-29
Week 49: 2014-11-30 - 2014-12-06
Week 50: 2014-12-07 - 2014-12-13
Week 51: 2014-12-14 - 2014-12-20
Week 52: 2014-12-21 - 2014-12-27
Week 53: 2014-12-28 - 2015-01-03
.Week 1: 1968-12-29 - 1969-01-04
Week 2: 1969-01-05 - 1969-01-11
Week 3: 1969-01-12 - 1969-01-18
Week 4: 1969-01-19 - 1969-01-25
Week 5: 1969-01-26 - 1969-02-01
Week 6: 1969-02-02 - 1969-02-08
Week 7: 1969-02-09 - 1969-02-15
Week 8: 1969-02-16 - 1969-02-22
Week 9: 1969-02-23 - 1969-03-01
Week 10: 1969-03-02 - 1969-03-08
Week 11: 1969-03-09 - 1969-03-15
Week 12: 1969-03-16 - 1969-03-22
Week 13: 1969-03-23 - 1969-03-29
Week 14: 1969-03-30 - 1969-04-05
Week 15: 1969-04-06 - 1969-04-12
Week 16: 1969-04-13 - 1969-04-19
Week 17: 1969-04-20 - 1969-04-26
Week 18: 1969-04-27 - 1969-05-03
Week 19: 1969-05-04 - 1969-05-10
Week 20: 1969-05-11 - 1969-05-17
Week 21: 1969-05-18 - 1969-05-24
Week 22: 1969-05-25 - 1969-05-31
Week 23: 1969-06-01 - 1969-06-07
Week 24: 1969-06-08 - 1969-06-14
Week 25: 1969-06-15 - 1969-06-21
Week 26: 1969-06-22 - 1969-06-28
Week 27: 1969-06-29 - 1969-07-05
Week 28: 1969-07-06 - 1969-07-12
Week 29: 1969-07-13 - 1969-07-19
Week 30: 1969-07-20 - 1969-07-26
Week 31: 1969-07-27 - 1969-08-02
Week 32: 1969-08-03 - 1969-08-09
Week 33: 1969-08-10 - 1969-08-16
Week 34: 1969-08-17 - 1969-08-23
Week 35: 1969-08-24 - 1969-08-30
Week 36: 1969-08-31 - 1969-09-06
Week 37: 1969-09-07 - 1969-09-13
Week 38: 1969-09-14 - 1969-09-20
Week 39: 1969-09-21 - 1969-09-27
Week 40: 1969-09-28 - 1969-10-04
Week 41: 1969-10-05 - 1969-10-11
Week 42: 1969-10-12 - 1969-10-18
Week 43: 1969-10-19 - 1969-10-25
Week 44: 1969-10-26 - 1969-11-01
Week 45: 1969-11-02 - 1969-11-08
Week 46: 1969-11-09 - 1969-11-15
Week 47: 1969-11-16 - 1969-11-22
Week 48: 1969-11-23 - 1969-11-29
Week 49: 1969-11-30 - 1969-12-06
Week 50: 1969-12-07 - 1969-12-13
Week 51: 1969-12-14 - 1969-12-20
Week 52: 1969-12-21 - 1969-12-27
Week 53: 1969-12-28 - 1970-01-03
.
Time: 0.372

OK (3 tests)

